,checking_balance,credit_history,savings_balance,employment_duration,other_credit,housing,age,amount,months_loan_duration
0,< 0 DM,critical,unknown,5,none,own,67,1169,6
1,1 - 200 DM,good,< 100 DM,3,none,own,22,5951,48
2,unknown,critical,< 100 DM,4,none,own,49,2096,12
3,< 0 DM,good,< 100 DM,4,none,other,45,7882,42
4,< 0 DM,poor,< 100 DM,3,none,other,53,4870,24
5,unknown,good,unknown,3,none,other,35,9055,36
6,unknown,good,500 - 1000 DM,5,none,own,53,2835,24
7,1 - 200 DM,good,< 100 DM,3,none,rent,35,6948,36
8,unknown,good,> 1000 DM,4,none,own,61,3059,12
9,1 - 200 DM,critical,< 100 DM,1,none,own,28,5234,30
10,1 - 200 DM,good,< 100 DM,2,none,rent,25,1295,12
11,< 0 DM,good,< 100 DM,2,none,rent,24,4308,48
12,1 - 200 DM,good,< 100 DM,3,none,own,22,1567,12
13,< 0 DM,critical,< 100 DM,5,none,own,60,1199,24
14,< 0 DM,good,< 100 DM,3,none,rent,28,1403,15
15,< 0 DM,good,100 - 500 DM,3,none,own,32,1282,24
16,unknown,critical,unknown,5,none,own,53,2424,24
17,< 0 DM,perfect,unknown,2,bank,own,25,8072,30
18,1 - 200 DM,good,< 100 DM,5,none,other,44,12579,24
19,unknown,good,500 - 1000 DM,5,none,own,31,3430,24
20,unknown,critical,< 100 DM,3,none,own,48,2134,9
21,< 0 DM,good,500 - 1000 DM,3,none,rent,44,2647,6
22,< 0 DM,critical,< 100 DM,2,none,rent,48,2241,10
23,1 - 200 DM,critical,100 - 500 DM,2,none,own,44,1804,12
24,unknown,critical,unknown,3,none,own,26,2069,10
25,< 0 DM,good,< 100 DM,3,bank,own,36,1374,6
26,unknown,perfect,< 100 DM,5,none,own,39,426,6
27,> 200 DM,very good,> 1000 DM,3,none,rent,42,409,12
28,1 - 200 DM,good,< 100 DM,3,none,own,34,2415,7
29,< 0 DM,poor,< 100 DM,5,none,own,63,6836,60
30,1 - 200 DM,good,> 1000 DM,2,bank,own,36,1913,18
31,< 0 DM,good,< 100 DM,3,store,own,27,4020,24
32,1 - 200 DM,good,100 - 500 DM,3,none,own,30,5866,18
33,unknown,critical,unknown,5,none,rent,57,1264,12
34,> 200 DM,good,< 100 DM,2,bank,own,33,1474,12
35,1 - 200 DM,critical,< 100 DM,2,none,own,25,4746,45
36,unknown,critical,< 100 DM,3,bank,other,31,6110,48
37,> 200 DM,good,< 100 DM,3,store,own,37,2100,18
38,> 200 DM,good,< 100 DM,3,none,own,37,1225,10
39,1 - 200 DM,good,< 100 DM,3,none,own,24,458,9
40,unknown,good,500 - 1000 DM,5,bank,own,30,2333,30
41,1 - 200 DM,good,500 - 1000 DM,3,none,own,26,1158,12
42,1 - 200 DM,poor,< 100 DM,3,none,own,44,6204,18
43,< 0 DM,critical,100 - 500 DM,4,none,rent,24,6187,30
44,< 0 DM,critical,< 100 DM,5,store,other,58,6143,48
45,unknown,critical,< 100 DM,2,none,own,35,1393,11
46,unknown,good,500 - 1000 DM,5,none,own,39,2299,36
47,< 0 DM,good,500 - 1000 DM,1,none,rent,23,1352,6
48,unknown,critical,< 100 DM,3,none,own,39,7228,11
49,unknown,good,100 - 500 DM,3,none,own,28,2073,12
50,1 - 200 DM,poor,unknown,2,bank,own,29,2333,24
51,1 - 200 DM,poor,< 100 DM,5,none,own,30,5965,27
52,unknown,good,< 100 DM,3,none,own,25,1262,12
53,unknown,good,unknown,3,none,own,31,3378,18
54,1 - 200 DM,poor,< 100 DM,5,bank,other,57,2225,36
55,unknown,very good,unknown,3,store,own,26,783,6
56,1 - 200 DM,good,unknown,1,none,own,52,6468,12
57,unknown,critical,< 100 DM,3,store,own,31,9566,36
58,> 200 DM,good,< 100 DM,5,none,own,23,1961,18
59,< 0 DM,critical,< 100 DM,2,none,rent,23,6229,36
60,1 - 200 DM,good,< 100 DM,3,bank,own,27,1391,9
61,1 - 200 DM,critical,unknown,5,none,own,50,1537,15
62,1 - 200 DM,perfect,< 100 DM,5,none,other,61,1953,36
63,1 - 200 DM,perfect,< 100 DM,3,none,own,25,14421,48
64,unknown,good,< 100 DM,2,none,own,26,3181,24
65,unknown,good,unknown,5,none,own,48,5190,27
66,unknown,good,< 100 DM,2,bank,own,29,2171,12
67,1 - 200 DM,good,> 1000 DM,3,none,own,22,1007,12
68,unknown,good,< 100 DM,3,store,other,37,1819,36
69,unknown,good,unknown,3,none,own,25,2394,36
70,unknown,good,< 100 DM,3,bank,own,30,8133,36
71,unknown,critical,unknown,5,none,rent,46,730,7
72,< 0 DM,critical,< 100 DM,5,bank,other,51,1164,8
73,1 - 200 DM,critical,< 100 DM,4,bank,own,41,5954,42
74,< 0 DM,good,unknown,5,none,own,40,1977,36
75,< 0 DM,critical,< 100 DM,5,none,other,66,1526,12
76,< 0 DM,good,< 100 DM,2,none,own,34,3965,42
77,1 - 200 DM,poor,< 100 DM,4,none,own,51,4771,11
78,unknown,perfect,unknown,3,none,own,39,9436,54
79,1 - 200 DM,good,< 100 DM,2,none,own,22,3832,30
80,unknown,good,unknown,2,none,own,44,5943,24
81,unknown,good,500 - 1000 DM,5,store,own,47,1213,15
82,unknown,good,100 - 500 DM,3,none,rent,24,1568,18
83,< 0 DM,good,< 100 DM,5,none,own,58,1755,24
84,< 0 DM,good,< 100 DM,5,none,own,52,2315,10
85,unknown,critical,< 100 DM,3,none,own,29,1412,12
86,1 - 200 DM,critical,< 100 DM,2,none,own,27,1295,18
87,1 - 200 DM,good,100 - 500 DM,3,none,other,47,12612,36
88,< 0 DM,good,100 - 500 DM,4,none,own,30,2249,18
89,< 0 DM,perfect,< 100 DM,4,none,own,28,1108,12
90,unknown,critical,< 100 DM,5,none,own,56,618,12
91,< 0 DM,critical,< 100 DM,5,none,own,54,1409,12
92,unknown,critical,unknown,5,bank,own,33,797,12
93,> 200 DM,critical,unknown,5,none,rent,20,3617,24
94,1 - 200 DM,good,> 1000 DM,5,none,own,54,1318,12
95,1 - 200 DM,perfect,< 100 DM,2,none,rent,58,15945,54
96,unknown,critical,unknown,4,none,own,61,2012,12
97,1 - 200 DM,good,100 - 500 DM,3,none,own,34,2622,18
98,1 - 200 DM,critical,< 100 DM,5,none,own,36,2337,36
99,1 - 200 DM,poor,unknown,4,bank,rent,36,7057,20
100,unknown,good,100 - 500 DM,5,none,rent,41,1469,24
101,1 - 200 DM,good,< 100 DM,4,none,rent,24,2323,36
102,unknown,poor,< 100 DM,3,none,own,24,932,6
103,1 - 200 DM,critical,< 100 DM,4,none,rent,35,1919,9
104,unknown,good,unknown,2,none,rent,26,2445,12
105,1 - 200 DM,critical,< 100 DM,3,none,own,39,11938,24
106,unknown,very good,< 100 DM,5,bank,own,39,6458,18
107,1 - 200 DM,good,< 100 DM,4,none,own,32,6078,12
108,< 0 DM,good,unknown,2,none,own,30,7721,24
109,1 - 200 DM,good,500 - 1000 DM,5,none,own,35,1410,14
110,1 - 200 DM,poor,100 - 500 DM,5,bank,own,31,1449,6
111,> 200 DM,good,< 100 DM,2,none,rent,23,392,15
112,1 - 200 DM,good,< 100 DM,4,none,rent,28,6260,18
113,unknown,critical,< 100 DM,3,store,own,25,7855,36
114,< 0 DM,good,500 - 1000 DM,5,none,own,35,1680,12
115,unknown,critical,unknown,5,none,own,47,3578,48
116,< 0 DM,good,unknown,4,none,own,30,7174,42
117,< 0 DM,critical,unknown,2,none,rent,27,2132,10
118,< 0 DM,critical,500 - 1000 DM,3,none,own,23,4281,33
119,1 - 200 DM,critical,500 - 1000 DM,4,none,own,36,2366,12
120,< 0 DM,good,< 100 DM,3,none,own,25,1835,21
121,unknown,critical,< 100 DM,5,none,rent,41,3868,24
122,unknown,good,< 100 DM,3,none,rent,24,1768,12
123,> 200 DM,critical,< 100 DM,5,none,other,63,781,10
124,1 - 200 DM,good,unknown,2,none,rent,27,1924,18
125,< 0 DM,critical,< 100 DM,3,none,own,30,2121,12
126,< 0 DM,good,< 100 DM,3,none,own,40,701,12
127,1 - 200 DM,good,< 100 DM,3,none,own,30,639,12
128,1 - 200 DM,critical,< 100 DM,1,none,own,34,1860,12
129,< 0 DM,critical,< 100 DM,3,none,own,29,3499,12
130,1 - 200 DM,good,unknown,4,none,own,24,8487,48
131,< 0 DM,poor,< 100 DM,3,store,own,29,6887,36
132,unknown,good,< 100 DM,2,bank,own,27,2708,15
133,unknown,good,< 100 DM,3,bank,other,47,1984,18
134,unknown,good,100 - 500 DM,4,none,own,21,10144,60
135,unknown,critical,unknown,5,none,own,38,1240,12
136,unknown,poor,> 1000 DM,3,none,own,27,8613,27
137,1 - 200 DM,good,500 - 1000 DM,3,none,own,66,766,12
138,1 - 200 DM,critical,unknown,4,bank,own,35,2728,15
139,> 200 DM,good,< 100 DM,3,none,rent,44,1881,12
140,> 200 DM,good,> 1000 DM,2,none,own,27,709,6
141,1 - 200 DM,good,< 100 DM,2,none,own,30,4795,36
142,< 0 DM,good,< 100 DM,3,none,own,27,3416,27
143,< 0 DM,good,< 100 DM,3,none,own,22,2462,18
144,unknown,critical,< 100 DM,2,none,own,23,2288,21
145,1 - 200 DM,very good,100 - 500 DM,4,none,own,30,3566,48
146,< 0 DM,critical,< 100 DM,5,none,own,39,860,6
147,unknown,critical,100 - 500 DM,4,none,own,51,682,12
148,< 0 DM,critical,< 100 DM,3,none,own,28,5371,36
149,unknown,critical,> 1000 DM,5,none,own,46,1582,18
150,unknown,good,100 - 500 DM,5,bank,other,42,1346,6
151,unknown,good,< 100 DM,3,none,own,38,1924,10
152,> 200 DM,good,< 100 DM,3,none,own,24,5848,36
153,1 - 200 DM,critical,> 1000 DM,5,none,rent,29,7758,24
154,1 - 200 DM,poor,100 - 500 DM,4,none,rent,36,6967,24
155,< 0 DM,good,< 100 DM,3,none,rent,20,1282,12
156,< 0 DM,critical,100 - 500 DM,5,none,own,48,1288,9
157,< 0 DM,very good,< 100 DM,5,bank,own,45,339,12
158,1 - 200 DM,good,100 - 500 DM,4,bank,own,38,3512,24
159,unknown,critical,unknown,3,none,own,34,1898,6
160,unknown,critical,100 - 500 DM,5,none,own,36,2872,24
161,unknown,critical,< 100 DM,2,none,own,30,1055,18
162,unknown,good,500 - 1000 DM,4,none,own,36,1262,15
163,1 - 200 DM,good,< 100 DM,1,bank,other,70,7308,10
164,unknown,good,500 - 1000 DM,5,none,own,36,909,36
165,unknown,good,500 - 1000 DM,3,none,own,32,2978,6
166,< 0 DM,good,< 100 DM,1,none,own,33,1131,18
167,1 - 200 DM,good,> 1000 DM,2,none,own,20,1577,11
168,unknown,good,< 100 DM,4,none,rent,25,3972,24
169,1 - 200 DM,critical,< 100 DM,5,none,own,31,1935,24
170,< 0 DM,perfect,< 100 DM,5,none,rent,33,950,15
171,unknown,good,< 100 DM,3,none,own,26,763,12
172,1 - 200 DM,poor,< 100 DM,1,none,own,34,2064,24
173,1 - 200 DM,good,< 100 DM,3,none,own,33,1414,8
174,< 0 DM,poor,< 100 DM,2,none,own,26,3414,21
175,unknown,very good,unknown,1,bank,own,53,7485,30
176,< 0 DM,good,< 100 DM,3,none,own,42,2577,12
177,< 0 DM,critical,500 - 1000 DM,5,none,own,52,338,6
178,unknown,good,< 100 DM,4,none,rent,31,1963,12
179,< 0 DM,critical,< 100 DM,5,none,own,65,571,21
180,unknown,poor,< 100 DM,2,none,own,28,9572,36
181,1 - 200 DM,poor,< 100 DM,3,store,own,30,4455,36
182,< 0 DM,very good,unknown,3,none,own,40,1647,21
183,unknown,critical,> 1000 DM,3,none,own,50,3777,24
184,1 - 200 DM,critical,< 100 DM,5,bank,own,36,884,18
185,unknown,critical,< 100 DM,3,none,own,31,1360,15
186,1 - 200 DM,very good,< 100 DM,5,bank,other,74,5129,9
187,1 - 200 DM,critical,< 100 DM,1,none,other,68,1175,16
188,< 0 DM,good,100 - 500 DM,4,none,own,20,674,12
189,1 - 200 DM,perfect,< 100 DM,3,bank,own,33,3244,18
190,unknown,good,> 1000 DM,3,none,own,54,4591,24
191,1 - 200 DM,perfect,100 - 500 DM,4,none,other,34,3844,48
192,1 - 200 DM,good,< 100 DM,3,none,own,36,3915,27
193,unknown,good,< 100 DM,4,none,rent,29,2108,6
194,1 - 200 DM,good,100 - 500 DM,3,none,rent,21,3031,45
195,1 - 200 DM,critical,< 100 DM,5,none,own,34,1501,9
196,unknown,critical,< 100 DM,3,none,own,28,1382,6
197,1 - 200 DM,good,100 - 500 DM,2,bank,rent,27,951,12
198,1 - 200 DM,good,unknown,5,bank,other,36,2760,24
199,1 - 200 DM,poor,< 100 DM,5,none,own,40,4297,18
200,unknown,critical,500 - 1000 DM,5,none,own,52,936,9
201,< 0 DM,good,< 100 DM,3,none,own,27,1168,12
202,unknown,poor,< 100 DM,4,none,own,26,5117,27
203,< 0 DM,good,< 100 DM,4,none,rent,21,902,12
204,unknown,critical,< 100 DM,5,none,own,38,1495,12
205,< 0 DM,critical,< 100 DM,5,none,other,38,10623,30
206,unknown,critical,< 100 DM,5,none,own,43,1935,12
207,1 - 200 DM,critical,< 100 DM,4,none,own,26,1424,12
208,< 0 DM,good,< 100 DM,3,store,own,21,6568,24
209,unknown,good,> 1000 DM,4,none,own,55,1413,12
210,unknown,critical,unknown,3,none,own,33,3074,9
211,unknown,good,unknown,5,none,own,45,3835,36
212,< 0 DM,perfect,< 100 DM,1,store,own,50,5293,27
213,> 200 DM,poor,< 100 DM,5,none,own,66,1908,30
214,unknown,critical,unknown,5,none,own,51,3342,36
215,1 - 200 DM,critical,unknown,4,none,own,39,932,6
216,< 0 DM,perfect,< 100 DM,4,bank,own,31,3104,18
217,> 200 DM,good,< 100 DM,3,none,own,23,3913,36
218,< 0 DM,good,< 100 DM,3,none,rent,24,3021,24
219,unknown,good,< 100 DM,3,none,own,64,1364,10
220,1 - 200 DM,good,< 100 DM,2,bank,own,26,625,12
221,< 0 DM,good,unknown,3,bank,rent,23,1200,12
222,unknown,good,< 100 DM,3,bank,own,30,707,12
223,unknown,poor,unknown,3,none,own,32,2978,24
224,unknown,good,< 100 DM,3,none,own,30,4657,15
225,unknown,perfect,< 100 DM,3,none,own,27,2613,36
226,1 - 200 DM,good,> 1000 DM,4,bank,own,27,10961,48
227,< 0 DM,good,< 100 DM,5,none,other,53,7865,12
228,unknown,good,< 100 DM,4,none,own,22,1478,9
229,< 0 DM,good,< 100 DM,2,bank,other,22,3149,24
230,> 200 DM,good,< 100 DM,3,none,own,26,4210,36
231,unknown,good,500 - 1000 DM,5,none,other,51,2507,9
232,unknown,good,100 - 500 DM,4,none,own,35,2141,12
233,1 - 200 DM,good,< 100 DM,3,none,own,25,866,18
234,unknown,critical,< 100 DM,4,none,own,42,1544,4
235,< 0 DM,good,< 100 DM,1,store,own,30,1823,24
236,1 - 200 DM,good,unknown,1,none,own,23,14555,6
237,1 - 200 DM,good,100 - 500 DM,5,bank,rent,61,2767,21
238,unknown,critical,< 100 DM,3,none,own,35,1291,12
239,< 0 DM,good,< 100 DM,5,none,own,39,2522,30
240,< 0 DM,good,unknown,5,bank,own,29,915,24
241,unknown,good,< 100 DM,4,none,own,51,1595,6
242,< 0 DM,perfect,< 100 DM,5,none,other,24,4605,48
243,unknown,critical,< 100 DM,3,none,own,27,1185,12
244,unknown,very good,500 - 1000 DM,3,none,own,35,3447,12
245,unknown,good,< 100 DM,4,none,own,25,1258,24
246,unknown,critical,< 100 DM,5,none,own,52,717,12
247,unknown,perfect,100 - 500 DM,3,bank,rent,35,1204,6
248,> 200 DM,good,< 100 DM,3,none,own,26,1925,24
249,unknown,good,< 100 DM,1,none,rent,22,433,18
250,< 0 DM,critical,> 1000 DM,4,none,own,39,666,6
251,> 200 DM,good,< 100 DM,3,none,own,46,2251,12
252,1 - 200 DM,good,< 100 DM,3,bank,own,24,2150,30
253,unknown,poor,100 - 500 DM,3,none,own,35,4151,24
254,1 - 200 DM,good,unknown,4,none,own,24,2030,9
255,1 - 200 DM,poor,unknown,3,none,own,27,7418,60
256,unknown,critical,< 100 DM,3,none,own,35,2684,24
257,< 0 DM,very good,< 100 DM,3,none,other,29,2149,12
258,unknown,good,100 - 500 DM,2,none,own,23,3812,15
259,unknown,critical,100 - 500 DM,1,none,own,57,1154,11
260,< 0 DM,good,< 100 DM,3,none,own,27,1657,12
261,< 0 DM,good,< 100 DM,5,none,own,55,1603,24
262,< 0 DM,critical,< 100 DM,5,none,other,36,5302,18
263,unknown,critical,< 100 DM,5,bank,other,57,2748,12
264,unknown,critical,< 100 DM,5,none,own,32,1231,10
265,1 - 200 DM,good,< 100 DM,5,none,own,37,802,15
266,unknown,critical,unknown,5,none,own,36,6304,36
267,unknown,good,< 100 DM,2,store,own,38,1533,24
268,< 0 DM,good,< 100 DM,5,none,own,45,8978,14
269,unknown,good,unknown,5,none,own,25,999,24
270,unknown,good,unknown,4,none,own,32,2662,18
271,unknown,critical,500 - 1000 DM,4,none,rent,37,1402,12
272,1 - 200 DM,very good,unknown,1,none,other,36,12169,48
273,1 - 200 DM,good,< 100 DM,4,none,own,28,3060,48
274,< 0 DM,good,< 100 DM,2,none,own,34,11998,30
275,unknown,good,< 100 DM,3,none,own,32,2697,9
276,unknown,critical,< 100 DM,3,none,own,26,2404,18
277,< 0 DM,good,unknown,5,none,own,49,1262,12
278,unknown,good,< 100 DM,2,none,own,32,4611,6
279,unknown,good,100 - 500 DM,3,none,rent,29,1901,24
280,unknown,critical,> 1000 DM,5,none,rent,23,3368,15
281,unknown,good,< 100 DM,3,none,own,50,1574,12
282,> 200 DM,very good,unknown,4,bank,own,49,1445,18
283,unknown,critical,unknown,5,none,own,63,1520,15
284,1 - 200 DM,critical,100 - 500 DM,2,none,own,37,3878,24
285,< 0 DM,good,< 100 DM,2,none,own,35,10722,47
286,< 0 DM,good,< 100 DM,4,none,own,26,4788,48
287,1 - 200 DM,poor,100 - 500 DM,1,none,other,31,7582,48
288,1 - 200 DM,good,< 100 DM,3,none,own,49,1092,12
289,< 0 DM,poor,< 100 DM,2,store,own,48,1024,24
290,unknown,good,< 100 DM,3,none,own,26,1076,12
291,1 - 200 DM,good,< 100 DM,2,none,rent,28,9398,36
292,< 0 DM,critical,< 100 DM,5,none,other,44,6419,24
293,> 200 DM,critical,< 100 DM,5,none,other,56,4796,42
294,unknown,critical,unknown,5,bank,own,46,7629,48
295,1 - 200 DM,good,< 100 DM,2,none,own,26,9960,48
296,unknown,good,unknown,2,none,rent,20,4675,12
297,unknown,good,unknown,5,none,own,45,1287,10
298,unknown,good,< 100 DM,3,none,own,43,2515,18
299,1 - 200 DM,critical,> 1000 DM,4,none,own,32,2745,21
300,unknown,good,< 100 DM,1,none,own,54,672,6
301,1 - 200 DM,perfect,< 100 DM,3,none,own,42,3804,36
302,> 200 DM,critical,unknown,4,bank,own,37,1344,24
303,< 0 DM,critical,< 100 DM,4,none,own,49,1038,10
304,unknown,critical,500 - 1000 DM,3,bank,other,44,10127,48
305,unknown,good,> 1000 DM,3,none,own,33,1543,6
306,unknown,good,unknown,4,store,rent,24,4811,30
307,< 0 DM,good,100 - 500 DM,2,none,own,33,727,12
308,1 - 200 DM,good,< 100 DM,3,none,own,24,1237,8
309,1 - 200 DM,good,< 100 DM,3,none,rent,22,276,9
310,1 - 200 DM,good,unknown,1,bank,other,40,5381,48
311,unknown,good,100 - 500 DM,3,store,own,25,5511,24
312,> 200 DM,good,< 100 DM,2,none,own,26,3749,24
313,1 - 200 DM,good,< 100 DM,4,bank,own,25,685,12
314,> 200 DM,good,unknown,2,none,own,29,1494,4
315,< 0 DM,very good,< 100 DM,5,bank,own,31,2746,36
316,< 0 DM,good,< 100 DM,3,none,own,38,708,12
317,1 - 200 DM,good,unknown,3,none,own,48,4351,24
318,unknown,critical,< 100 DM,3,none,own,32,701,12
319,< 0 DM,poor,< 100 DM,5,none,own,27,3643,15
320,1 - 200 DM,critical,< 100 DM,1,none,own,28,4249,30
321,< 0 DM,good,< 100 DM,2,none,own,32,1938,24
322,< 0 DM,good,< 100 DM,4,none,other,34,2910,24
323,< 0 DM,good,> 1000 DM,3,none,own,28,2659,18
324,unknown,critical,< 100 DM,3,none,own,36,1028,18
325,< 0 DM,critical,< 100 DM,4,none,own,39,3398,8
326,unknown,critical,unknown,5,none,rent,49,5801,12
327,unknown,good,> 1000 DM,4,none,own,34,1525,24
328,> 200 DM,good,< 100 DM,5,none,own,31,4473,36
329,1 - 200 DM,good,< 100 DM,5,none,own,28,1068,6
330,< 0 DM,critical,< 100 DM,1,none,other,75,6615,24
331,unknown,critical,100 - 500 DM,3,none,own,30,1864,18
332,1 - 200 DM,good,100 - 500 DM,2,none,own,24,7408,60
333,unknown,critical,100 - 500 DM,3,bank,rent,24,11590,48
334,< 0 DM,perfect,< 100 DM,5,bank,rent,23,4110,24
335,< 0 DM,critical,< 100 DM,3,none,rent,44,3384,6
336,1 - 200 DM,good,< 100 DM,2,none,own,23,2101,13
337,< 0 DM,good,unknown,3,none,rent,24,1275,15
338,< 0 DM,good,< 100 DM,3,none,own,28,4169,24
339,1 - 200 DM,good,< 100 DM,3,none,own,31,1521,10
340,1 - 200 DM,critical,< 100 DM,2,none,other,24,5743,24
341,< 0 DM,good,< 100 DM,4,none,rent,26,3599,21
342,1 - 200 DM,good,500 - 1000 DM,2,none,rent,25,3213,18
343,1 - 200 DM,good,< 100 DM,5,bank,own,33,4439,18
344,> 200 DM,good,< 100 DM,2,none,own,37,3949,10
345,unknown,critical,< 100 DM,3,none,own,43,1459,15
346,1 - 200 DM,critical,< 100 DM,2,none,own,23,882,13
347,1 - 200 DM,good,500 - 1000 DM,1,none,rent,23,3758,24
348,unknown,poor,100 - 500 DM,3,none,own,34,1743,6
349,1 - 200 DM,critical,> 1000 DM,5,none,other,32,1136,9
350,unknown,good,< 100 DM,2,none,rent,23,1236,9
351,1 - 200 DM,good,< 100 DM,3,none,own,29,959,9
352,unknown,critical,unknown,1,none,own,38,3229,18
353,< 0 DM,perfect,< 100 DM,3,none,rent,28,6199,12
354,unknown,good,500 - 1000 DM,5,none,other,46,727,10
355,1 - 200 DM,good,< 100 DM,2,store,own,23,1246,24
356,unknown,critical,unknown,5,none,own,49,2331,12
357,unknown,poor,< 100 DM,3,none,own,26,4463,36
358,unknown,good,< 100 DM,3,none,own,28,776,12
359,< 0 DM,good,< 100 DM,4,none,rent,23,2406,30
360,1 - 200 DM,good,unknown,3,none,other,61,1239,18
361,> 200 DM,good,unknown,5,none,own,37,3399,12
362,> 200 DM,poor,< 100 DM,3,store,own,36,2247,12
363,unknown,good,< 100 DM,3,none,rent,21,1766,6
364,< 0 DM,good,< 100 DM,1,none,own,25,2473,18
365,unknown,good,< 100 DM,4,none,own,36,1542,12
366,unknown,critical,< 100 DM,4,none,own,27,3850,18
367,< 0 DM,good,< 100 DM,2,none,rent,22,3650,18
368,< 0 DM,good,< 100 DM,5,none,own,42,3446,36
369,1 - 200 DM,good,< 100 DM,4,none,rent,40,3001,18
370,unknown,good,unknown,3,none,own,36,3079,36
371,unknown,critical,< 100 DM,5,none,own,33,6070,18
372,unknown,critical,< 100 DM,2,none,rent,23,2146,10
373,unknown,critical,unknown,5,bank,other,63,13756,60
374,1 - 200 DM,very good,100 - 500 DM,5,bank,other,60,14782,60
375,< 0 DM,very good,< 100 DM,4,none,rent,37,7685,48
376,unknown,poor,< 100 DM,1,none,own,34,2320,18
377,unknown,poor,unknown,5,none,other,36,846,7
378,1 - 200 DM,good,< 100 DM,5,none,other,57,14318,36
379,unknown,critical,100 - 500 DM,3,none,own,52,362,6
380,< 0 DM,good,unknown,4,none,own,39,2212,20
381,1 - 200 DM,good,< 100 DM,1,none,other,38,12976,18
382,unknown,good,unknown,4,none,rent,25,1283,22
383,> 200 DM,good,< 100 DM,2,none,own,26,1330,12
384,unknown,poor,100 - 500 DM,3,none,own,26,4272,30
385,unknown,critical,< 100 DM,3,none,own,25,2238,18
386,unknown,good,unknown,2,none,rent,21,1126,18
387,1 - 200 DM,critical,< 100 DM,1,store,own,40,7374,18
388,1 - 200 DM,critical,500 - 1000 DM,3,bank,own,27,2326,15
389,unknown,good,< 100 DM,4,none,own,27,1449,9
390,unknown,good,< 100 DM,3,none,own,30,1820,18
391,1 - 200 DM,good,> 1000 DM,2,none,rent,19,983,12
392,< 0 DM,good,< 100 DM,4,bank,other,39,3249,36
393,< 0 DM,critical,< 100 DM,4,none,own,31,1957,6
394,unknown,critical,< 100 DM,1,none,own,31,2406,9
395,1 - 200 DM,poor,100 - 500 DM,4,none,rent,32,11760,39
396,< 0 DM,good,< 100 DM,1,none,other,55,2578,12
397,< 0 DM,critical,< 100 DM,3,none,own,46,2348,36
398,1 - 200 DM,good,< 100 DM,5,none,rent,46,1223,12
399,unknown,critical,> 1000 DM,3,none,own,43,1516,24
400,unknown,good,< 100 DM,2,none,own,39,1473,18
401,1 - 200 DM,critical,unknown,3,bank,own,28,1887,18
402,unknown,poor,< 100 DM,2,bank,own,27,8648,24
403,unknown,poor,< 100 DM,3,none,own,27,802,14
404,1 - 200 DM,poor,unknown,5,none,own,43,2899,18
405,1 - 200 DM,good,< 100 DM,2,none,own,22,2039,24
406,unknown,critical,unknown,4,none,own,43,2197,24
407,< 0 DM,good,< 100 DM,2,none,own,27,1053,15
408,unknown,good,500 - 1000 DM,5,none,own,26,3235,24
409,> 200 DM,critical,500 - 1000 DM,4,none,own,28,939,12
410,1 - 200 DM,good,< 100 DM,5,none,own,20,1967,24
411,unknown,critical,< 100 DM,4,none,own,35,7253,33
412,unknown,critical,< 100 DM,1,store,own,42,2292,12
413,unknown,good,500 - 1000 DM,3,none,rent,40,1597,10
414,< 0 DM,good,unknown,3,none,own,35,1381,24
415,unknown,critical,< 100 DM,5,none,own,35,5842,36
416,< 0 DM,good,< 100 DM,2,none,own,33,2579,12
417,< 0 DM,poor,unknown,3,none,rent,23,8471,18
418,unknown,good,500 - 1000 DM,4,bank,own,31,2782,21
419,1 - 200 DM,good,unknown,3,none,own,33,1042,18
420,unknown,good,> 1000 DM,4,none,rent,20,3186,15
421,1 - 200 DM,good,unknown,3,none,own,30,2028,12
422,1 - 200 DM,critical,< 100 DM,4,none,own,47,958,12
423,unknown,poor,100 - 500 DM,4,none,own,34,1591,21
424,1 - 200 DM,good,unknown,5,bank,own,25,2762,12
425,1 - 200 DM,good,< 100 DM,3,none,rent,21,2779,18
426,unknown,critical,< 100 DM,5,none,own,29,2743,28
427,unknown,critical,> 1000 DM,3,none,own,46,1149,18
428,unknown,good,< 100 DM,5,none,own,20,1313,9
429,< 0 DM,critical,< 100 DM,1,none,other,55,1190,18
430,unknown,good,< 100 DM,4,none,own,74,3448,5
431,1 - 200 DM,good,< 100 DM,3,bank,own,29,11328,24
432,< 0 DM,critical,< 100 DM,1,none,other,36,1872,6
433,unknown,critical,< 100 DM,3,none,own,33,2058,24
434,< 0 DM,good,< 100 DM,3,none,own,25,2136,9
435,1 - 200 DM,good,unknown,3,none,own,25,1484,12
436,unknown,good,500 - 1000 DM,4,none,rent,23,660,6
437,unknown,critical,> 1000 DM,5,none,own,37,1287,24
438,< 0 DM,critical,< 100 DM,1,none,own,65,3394,42
439,> 200 DM,very good,< 100 DM,2,none,own,26,609,12
440,unknown,good,< 100 DM,5,none,own,39,1884,12
441,< 0 DM,good,< 100 DM,3,none,own,30,1620,12
442,1 - 200 DM,poor,< 100 DM,3,bank,own,29,2629,20
443,unknown,good,< 100 DM,5,bank,own,41,719,12
444,1 - 200 DM,critical,< 100 DM,3,none,own,30,5096,48
445,unknown,critical,unknown,5,none,rent,41,1244,9
446,< 0 DM,good,< 100 DM,2,none,own,34,1842,36
447,1 - 200 DM,good,< 100 DM,3,none,own,35,2576,7
448,> 200 DM,good,unknown,5,none,own,55,1424,12
449,1 - 200 DM,poor,> 1000 DM,3,store,own,61,1512,15
450,unknown,critical,unknown,3,none,own,30,11054,36
451,unknown,good,< 100 DM,3,none,own,29,518,6
452,unknown,perfect,< 100 DM,5,none,own,34,2759,12
453,unknown,good,< 100 DM,5,none,own,35,2670,24
454,< 0 DM,good,< 100 DM,4,none,own,31,4817,24
455,unknown,good,< 100 DM,2,none,own,29,2679,24
456,< 0 DM,critical,< 100 DM,3,none,rent,36,3905,11
457,< 0 DM,good,< 100 DM,5,none,other,35,3386,12
458,< 0 DM,good,< 100 DM,2,none,own,27,343,6
459,unknown,good,< 100 DM,2,none,own,32,4594,18
460,< 0 DM,good,< 100 DM,3,none,own,37,3620,36
461,< 0 DM,good,< 100 DM,2,none,own,36,1721,15
462,1 - 200 DM,good,< 100 DM,2,none,rent,34,3017,12
463,1 - 200 DM,good,unknown,5,none,own,38,754,12
464,unknown,good,< 100 DM,4,store,own,34,1950,18
465,< 0 DM,good,< 100 DM,3,bank,own,63,2924,24
466,< 0 DM,poor,< 100 DM,2,none,rent,29,1659,24
467,unknown,poor,unknown,5,bank,own,32,7238,48
468,unknown,poor,< 100 DM,3,none,own,26,2764,33
469,unknown,poor,< 100 DM,4,none,own,35,4679,24
470,1 - 200 DM,good,100 - 500 DM,2,none,rent,22,3092,24
471,< 0 DM,good,< 100 DM,2,none,own,23,448,6
472,< 0 DM,good,< 100 DM,3,none,own,28,654,9
473,unknown,good,unknown,1,none,own,36,1238,6
474,1 - 200 DM,critical,< 100 DM,3,none,own,33,1245,18
475,< 0 DM,perfect,< 100 DM,2,none,rent,26,3114,18
476,unknown,good,500 - 1000 DM,3,none,own,24,2569,39
477,> 200 DM,good,< 100 DM,4,bank,own,25,5152,24
478,1 - 200 DM,good,100 - 500 DM,4,none,own,39,1037,12
479,< 0 DM,critical,< 100 DM,5,none,own,44,1478,15
480,1 - 200 DM,critical,< 100 DM,3,none,own,23,3573,12
481,1 - 200 DM,good,< 100 DM,2,none,own,26,1201,24
482,< 0 DM,good,> 1000 DM,5,none,rent,57,3622,30
483,unknown,poor,> 1000 DM,4,none,own,30,960,15
484,unknown,critical,500 - 1000 DM,3,none,own,44,1163,12
485,1 - 200 DM,poor,< 100 DM,1,none,own,47,1209,6
486,unknown,good,< 100 DM,3,none,own,52,3077,12
487,unknown,good,< 100 DM,5,none,other,62,3757,24
488,unknown,good,100 - 500 DM,3,none,rent,35,1418,10
489,unknown,good,< 100 DM,3,none,rent,26,3518,6
490,unknown,critical,< 100 DM,5,none,own,26,1934,12
491,1 - 200 DM,perfect,< 100 DM,5,none,other,42,8318,27
492,unknown,critical,100 - 500 DM,3,none,own,27,1237,6
493,1 - 200 DM,good,unknown,5,none,own,38,368,6
494,< 0 DM,critical,< 100 DM,3,none,rent,39,2122,12
495,< 0 DM,good,unknown,3,none,own,20,2996,24
496,1 - 200 DM,good,100 - 500 DM,2,none,rent,29,9034,36
497,unknown,critical,< 100 DM,4,none,own,40,1585,24
498,1 - 200 DM,good,< 100 DM,5,none,own,32,1301,18
499,> 200 DM,critical,100 - 500 DM,5,none,own,28,1323,6
500,< 0 DM,good,< 100 DM,2,none,own,27,3123,24
501,< 0 DM,good,< 100 DM,5,none,other,42,5493,36
502,> 200 DM,good,100 - 500 DM,5,none,own,49,1126,9
503,1 - 200 DM,critical,100 - 500 DM,2,bank,own,38,1216,24
504,< 0 DM,good,< 100 DM,2,none,rent,24,1207,24
505,unknown,good,unknown,3,none,own,27,1309,10
506,> 200 DM,critical,500 - 1000 DM,3,none,own,36,2360,15
507,1 - 200 DM,very good,100 - 500 DM,1,none,own,34,6850,15
508,unknown,good,< 100 DM,3,none,own,28,1413,24
509,unknown,good,100 - 500 DM,5,none,own,45,8588,39
510,< 0 DM,good,< 100 DM,4,none,own,26,759,12
511,unknown,good,< 100 DM,3,none,other,32,4686,36
512,> 200 DM,good,< 100 DM,4,none,rent,26,2687,15
513,1 - 200 DM,poor,< 100 DM,3,none,rent,20,585,12
514,unknown,good,unknown,2,none,own,54,2255,24
515,< 0 DM,critical,< 100 DM,4,none,own,37,609,6
516,< 0 DM,critical,< 100 DM,2,none,own,40,1361,6
517,unknown,critical,< 100 DM,2,none,rent,23,7127,36
518,< 0 DM,good,100 - 500 DM,5,none,own,43,1203,6
519,unknown,critical,unknown,5,none,other,36,700,6
520,unknown,critical,< 100 DM,5,none,other,44,5507,24
521,< 0 DM,good,< 100 DM,3,none,own,24,3190,18
522,< 0 DM,perfect,< 100 DM,3,none,other,53,7119,48
523,unknown,good,100 - 500 DM,4,none,own,23,3488,24
524,1 - 200 DM,good,< 100 DM,3,none,own,26,1113,18
525,1 - 200 DM,good,< 100 DM,2,none,own,30,7966,26
526,unknown,critical,100 - 500 DM,3,none,own,31,1532,15
527,unknown,critical,< 100 DM,4,none,own,42,1503,4
528,< 0 DM,good,< 100 DM,3,none,rent,31,2302,36
529,< 0 DM,good,< 100 DM,2,none,own,41,662,6
530,1 - 200 DM,good,< 100 DM,4,none,own,32,2273,36
531,1 - 200 DM,good,100 - 500 DM,3,none,rent,28,2631,15
532,unknown,poor,< 100 DM,3,none,rent,41,1503,12
533,unknown,good,100 - 500 DM,4,none,own,26,1311,24
534,unknown,good,unknown,2,none,own,25,3105,24
535,> 200 DM,critical,< 100 DM,2,none,rent,33,2319,21
536,< 0 DM,good,unknown,1,none,own,75,1374,6
537,1 - 200 DM,critical,< 100 DM,5,none,own,37,3612,18
538,< 0 DM,good,< 100 DM,5,bank,other,42,7763,48
539,> 200 DM,good,< 100 DM,2,store,own,45,3049,18
540,1 - 200 DM,good,< 100 DM,2,none,rent,23,1534,12
541,unknown,poor,< 100 DM,5,none,other,60,2032,24
542,< 0 DM,good,unknown,5,none,own,31,6350,30
543,> 200 DM,good,< 100 DM,3,none,own,34,2864,18
544,unknown,critical,< 100 DM,5,none,own,61,1255,12
545,< 0 DM,poor,< 100 DM,1,none,other,43,1333,24
546,unknown,critical,< 100 DM,3,none,own,37,2022,24
547,unknown,good,< 100 DM,4,bank,own,32,1552,24
548,< 0 DM,very good,< 100 DM,3,bank,own,24,626,12
549,unknown,critical,unknown,4,none,other,35,8858,48
550,unknown,critical,unknown,4,none,own,23,996,12
551,unknown,very good,500 - 1000 DM,5,bank,own,45,1750,6
552,< 0 DM,good,< 100 DM,4,none,own,34,6999,48
553,1 - 200 DM,critical,100 - 500 DM,2,none,own,27,1995,12
554,1 - 200 DM,good,< 100 DM,4,none,own,67,1199,9
555,1 - 200 DM,good,< 100 DM,2,store,own,22,1331,12
556,1 - 200 DM,perfect,100 - 500 DM,2,none,own,28,2278,18
557,unknown,perfect,unknown,3,bank,own,29,5003,21
558,< 0 DM,very good,< 100 DM,4,bank,own,27,3552,24
559,1 - 200 DM,critical,< 100 DM,2,none,own,31,1928,18
560,< 0 DM,good,unknown,5,bank,other,49,2964,24
561,< 0 DM,very good,< 100 DM,4,bank,rent,24,1546,24
562,> 200 DM,poor,< 100 DM,2,bank,own,29,683,6
563,1 - 200 DM,good,unknown,3,none,other,37,12389,36
564,1 - 200 DM,poor,unknown,3,bank,own,37,4712,24
565,1 - 200 DM,poor,100 - 500 DM,4,none,rent,23,1553,24
566,< 0 DM,good,< 100 DM,4,none,own,36,1372,12
567,unknown,critical,> 1000 DM,5,none,own,34,2578,24
568,1 - 200 DM,good,unknown,4,none,own,41,3979,48
569,< 0 DM,good,< 100 DM,3,none,own,31,6758,48
570,< 0 DM,good,< 100 DM,2,none,rent,23,3234,24
571,unknown,critical,< 100 DM,4,none,own,38,5954,30
572,unknown,good,unknown,1,none,rent,26,5433,24
573,< 0 DM,good,< 100 DM,3,none,own,22,806,15
574,1 - 200 DM,good,< 100 DM,5,none,own,27,1082,9
575,unknown,critical,< 100 DM,4,bank,own,24,2788,15
576,1 - 200 DM,good,< 100 DM,4,none,own,27,2930,12
577,unknown,critical,unknown,3,none,own,33,1927,24
578,1 - 200 DM,critical,< 100 DM,2,none,own,27,2820,36
579,unknown,good,< 100 DM,2,none,own,27,937,24
580,1 - 200 DM,critical,< 100 DM,5,bank,own,30,1056,18
581,1 - 200 DM,critical,< 100 DM,2,bank,own,49,3124,12
582,unknown,good,< 100 DM,3,none,rent,26,1388,9
583,1 - 200 DM,good,< 100 DM,2,none,rent,33,2384,36
584,unknown,good,unknown,5,none,other,52,2133,12
585,< 0 DM,good,< 100 DM,3,bank,rent,20,2039,18
586,< 0 DM,critical,< 100 DM,3,none,rent,36,2799,9
587,< 0 DM,good,< 100 DM,3,none,own,21,1289,12
588,< 0 DM,good,< 100 DM,3,none,own,47,1217,18
589,< 0 DM,critical,< 100 DM,5,none,own,60,2246,12
590,< 0 DM,critical,< 100 DM,4,none,own,58,385,12
591,1 - 200 DM,poor,unknown,3,none,rent,42,1965,24
592,unknown,good,> 1000 DM,5,bank,own,36,1572,21
593,1 - 200 DM,good,< 100 DM,3,none,rent,20,2718,24
594,< 0 DM,very good,unknown,5,store,own,40,1358,24
595,1 - 200 DM,very good,100 - 500 DM,2,store,own,32,931,6
596,< 0 DM,good,< 100 DM,4,none,rent,23,1442,24
597,1 - 200 DM,perfect,< 100 DM,3,none,own,36,4241,24
598,unknown,critical,< 100 DM,4,bank,own,31,2775,18
599,unknown,poor,< 100 DM,3,none,other,32,3863,24
600,1 - 200 DM,good,< 100 DM,2,none,own,45,2329,7
601,1 - 200 DM,good,< 100 DM,3,none,own,30,918,9
602,1 - 200 DM,very good,< 100 DM,4,bank,other,34,1837,24
603,unknown,good,< 100 DM,3,none,own,28,3349,36
604,> 200 DM,good,< 100 DM,2,none,own,23,1275,10
605,< 0 DM,very good,500 - 1000 DM,3,store,own,22,2828,24
606,unknown,critical,< 100 DM,3,none,own,74,4526,24
607,1 - 200 DM,good,100 - 500 DM,3,none,other,50,2671,36
608,unknown,good,< 100 DM,2,none,own,33,2051,18
609,unknown,good,unknown,5,bank,other,45,1300,15
610,< 0 DM,good,100 - 500 DM,1,none,own,22,741,12
611,> 200 DM,good,100 - 500 DM,5,none,other,48,1240,10
612,< 0 DM,good,> 1000 DM,2,bank,own,29,3357,21
613,< 0 DM,very good,< 100 DM,3,bank,rent,22,3632,24
614,unknown,poor,< 100 DM,4,none,own,22,1808,18
615,1 - 200 DM,perfect,unknown,3,bank,own,48,12204,48
616,1 - 200 DM,poor,unknown,3,none,other,27,9157,60
617,< 0 DM,critical,< 100 DM,3,none,rent,37,3676,6
618,1 - 200 DM,good,100 - 500 DM,3,none,rent,21,3441,30
619,unknown,good,< 100 DM,3,none,own,49,640,12
620,1 - 200 DM,critical,< 100 DM,4,none,own,27,3652,21
621,unknown,critical,< 100 DM,3,bank,own,32,1530,18
622,unknown,good,unknown,3,bank,own,38,3914,48
623,< 0 DM,good,< 100 DM,2,none,rent,22,1858,12
624,< 0 DM,good,< 100 DM,3,none,other,65,2600,18
625,unknown,good,unknown,5,none,own,35,1979,15
626,> 200 DM,good,< 100 DM,3,none,own,41,2116,6
627,1 - 200 DM,very good,100 - 500 DM,4,none,own,29,1437,9
628,unknown,critical,500 - 1000 DM,3,none,own,36,4042,42
629,unknown,good,unknown,5,none,own,64,3832,9
630,< 0 DM,good,< 100 DM,3,none,own,28,3660,24
631,< 0 DM,very good,< 100 DM,3,bank,own,44,1553,18
632,1 - 200 DM,good,unknown,2,none,own,23,1444,15
633,unknown,good,< 100 DM,2,none,rent,19,1980,9
634,1 - 200 DM,good,< 100 DM,2,none,own,25,1355,24
635,unknown,good,< 100 DM,5,bank,own,47,1393,12
636,unknown,good,500 - 1000 DM,4,none,own,28,1376,24
637,unknown,poor,< 100 DM,4,none,own,21,15653,60
638,unknown,good,< 100 DM,2,none,own,34,1493,12
639,< 0 DM,poor,< 100 DM,4,bank,own,26,4370,42
640,< 0 DM,good,< 100 DM,1,none,own,27,750,18
641,1 - 200 DM,good,< 100 DM,5,none,own,38,1308,15
642,unknown,good,100 - 500 DM,3,none,own,40,4623,15
643,unknown,critical,< 100 DM,4,none,own,33,1851,24
644,< 0 DM,critical,< 100 DM,4,none,own,32,1880,18
645,unknown,poor,unknown,2,none,rent,27,7980,36
646,< 0 DM,perfect,< 100 DM,3,none,own,32,4583,30
647,unknown,good,500 - 1000 DM,3,none,own,26,1386,12
648,> 200 DM,good,< 100 DM,4,bank,other,38,947,24
649,< 0 DM,good,< 100 DM,3,none,rent,40,684,12
650,< 0 DM,good,< 100 DM,4,none,other,50,7476,48
651,1 - 200 DM,good,< 100 DM,3,none,own,37,1922,12
652,< 0 DM,good,< 100 DM,5,none,own,45,2303,24
653,1 - 200 DM,poor,100 - 500 DM,5,none,own,42,8086,36
654,unknown,critical,< 100 DM,4,none,own,35,2346,24
655,< 0 DM,good,< 100 DM,1,none,other,22,3973,14
656,1 - 200 DM,good,< 100 DM,5,bank,own,41,888,12
657,unknown,good,unknown,4,store,own,37,10222,48
658,1 - 200 DM,perfect,< 100 DM,3,none,own,28,4221,30
659,1 - 200 DM,critical,< 100 DM,5,none,own,41,6361,18
660,> 200 DM,good,< 100 DM,3,none,rent,23,1297,12
661,< 0 DM,good,unknown,3,none,own,23,900,12
662,unknown,good,< 100 DM,5,none,own,50,2241,21
663,1 - 200 DM,poor,< 100 DM,1,store,own,35,1050,6
664,> 200 DM,critical,< 100 DM,3,none,own,50,1047,6
665,unknown,critical,< 100 DM,1,bank,own,27,6314,24
666,1 - 200 DM,very good,> 1000 DM,3,store,own,34,3496,30
667,unknown,very good,< 100 DM,3,store,own,27,3609,48
668,< 0 DM,critical,< 100 DM,5,none,rent,43,4843,12
669,> 200 DM,critical,< 100 DM,5,none,own,47,3017,30
670,unknown,critical,100 - 500 DM,3,none,own,27,4139,24
671,unknown,good,100 - 500 DM,4,none,own,31,5742,36
672,unknown,good,< 100 DM,5,none,own,42,10366,60
673,unknown,critical,500 - 1000 DM,3,none,own,24,2080,6
674,unknown,poor,500 - 1000 DM,2,bank,own,41,2580,21
675,unknown,critical,< 100 DM,4,none,rent,26,4530,30
676,unknown,critical,< 100 DM,5,none,own,33,5150,24
677,1 - 200 DM,good,100 - 500 DM,3,none,own,24,5595,72
678,< 0 DM,good,< 100 DM,5,bank,rent,64,2384,24
679,unknown,good,< 100 DM,2,none,own,26,1453,18
680,unknown,good,< 100 DM,2,none,own,56,1538,6
681,unknown,good,unknown,3,none,other,37,2279,12
682,unknown,poor,< 100 DM,3,bank,own,33,1478,15
683,unknown,critical,< 100 DM,2,none,other,47,5103,24
684,1 - 200 DM,poor,100 - 500 DM,4,none,own,31,9857,36
685,unknown,good,unknown,3,none,other,34,6527,60
686,> 200 DM,critical,unknown,4,none,own,27,1347,10
687,1 - 200 DM,poor,100 - 500 DM,5,none,other,30,2862,36
688,unknown,good,100 - 500 DM,5,none,own,35,2753,9
689,< 0 DM,good,> 1000 DM,3,none,own,31,3651,12
690,< 0 DM,critical,< 100 DM,3,none,own,25,975,15
691,1 - 200 DM,good,100 - 500 DM,3,none,own,25,2631,15
692,1 - 200 DM,good,100 - 500 DM,2,none,own,29,2896,24
693,< 0 DM,critical,unknown,2,none,own,44,4716,6
694,unknown,good,< 100 DM,4,none,own,28,2284,24
695,unknown,good,500 - 1000 DM,3,none,rent,50,1236,6
696,1 - 200 DM,good,< 100 DM,4,none,own,29,1103,12
697,unknown,critical,< 100 DM,1,none,own,38,926,12
698,unknown,critical,< 100 DM,3,none,own,24,1800,18
699,> 200 DM,good,< 100 DM,5,none,rent,40,1905,15
700,unknown,good,500 - 1000 DM,3,none,rent,29,1123,12
701,< 0 DM,critical,< 100 DM,5,none,other,46,6331,48
702,> 200 DM,good,100 - 500 DM,5,none,other,47,1377,24
703,1 - 200 DM,poor,100 - 500 DM,5,store,own,41,2503,30
704,1 - 200 DM,good,< 100 DM,2,none,own,32,2528,27
705,unknown,good,500 - 1000 DM,5,none,other,35,5324,15
706,1 - 200 DM,good,100 - 500 DM,4,none,own,24,6560,48
707,1 - 200 DM,perfect,< 100 DM,2,none,rent,25,2969,12
708,1 - 200 DM,good,< 100 DM,5,none,own,25,1206,9
709,1 - 200 DM,good,< 100 DM,3,none,own,37,2118,9
710,unknown,critical,500 - 1000 DM,5,bank,own,32,629,18
711,< 0 DM,very good,< 100 DM,5,none,other,35,1198,6
712,unknown,good,unknown,5,none,own,46,2476,21
713,< 0 DM,critical,< 100 DM,3,none,own,25,1138,9
714,1 - 200 DM,good,< 100 DM,4,none,own,27,14027,60
715,unknown,critical,unknown,5,none,own,63,7596,30
716,unknown,critical,unknown,5,none,own,40,3077,30
717,unknown,good,< 100 DM,3,none,other,32,1505,18
718,> 200 DM,critical,unknown,3,none,own,31,3148,24
719,1 - 200 DM,perfect,100 - 500 DM,5,bank,own,31,6148,20
720,> 200 DM,perfect,< 100 DM,2,none,own,34,1337,9
721,1 - 200 DM,very good,> 1000 DM,2,bank,rent,24,433,6
722,< 0 DM,good,< 100 DM,3,none,own,24,1228,12
723,1 - 200 DM,good,500 - 1000 DM,3,none,own,66,790,9
724,unknown,good,< 100 DM,3,none,rent,21,2570,27
725,unknown,critical,> 1000 DM,3,bank,own,41,250,6
726,unknown,critical,500 - 1000 DM,3,none,own,47,1316,15
727,< 0 DM,good,< 100 DM,3,bank,rent,25,1882,18
728,1 - 200 DM,very good,< 100 DM,5,none,rent,59,6416,48
729,> 200 DM,critical,> 1000 DM,3,none,own,36,1275,24
730,1 - 200 DM,poor,< 100 DM,2,none,own,33,6403,24
731,< 0 DM,good,< 100 DM,3,none,rent,21,1987,24
732,1 - 200 DM,good,< 100 DM,4,none,own,44,760,8
733,unknown,good,> 1000 DM,3,none,rent,28,2603,24
734,unknown,critical,< 100 DM,4,none,own,37,3380,4
735,1 - 200 DM,very good,unknown,2,bank,own,29,3990,36
736,1 - 200 DM,good,< 100 DM,3,none,rent,23,11560,24
737,< 0 DM,good,100 - 500 DM,3,none,own,35,4380,18
738,unknown,critical,< 100 DM,4,none,own,45,6761,6
739,1 - 200 DM,perfect,100 - 500 DM,3,none,rent,26,4280,30
740,< 0 DM,very good,100 - 500 DM,4,bank,own,32,2325,24
741,1 - 200 DM,very good,< 100 DM,3,store,own,23,1048,10
742,unknown,good,unknown,5,none,own,41,3160,21
743,< 0 DM,very good,500 - 1000 DM,3,store,own,22,2483,24
744,< 0 DM,critical,unknown,4,none,own,30,14179,39
745,< 0 DM,critical,< 100 DM,2,bank,own,28,1797,13
746,< 0 DM,good,< 100 DM,1,none,rent,23,2511,15
747,< 0 DM,good,< 100 DM,2,none,own,37,1274,12
748,unknown,good,unknown,3,none,own,26,5248,21
749,unknown,good,< 100 DM,4,none,own,33,3029,15
750,< 0 DM,good,< 100 DM,5,bank,own,49,428,6
751,< 0 DM,good,< 100 DM,2,none,own,23,976,18
752,1 - 200 DM,good,100 - 500 DM,4,none,rent,23,841,12
753,unknown,critical,< 100 DM,4,none,own,25,5771,30
754,unknown,poor,> 1000 DM,5,none,other,55,1555,12
755,< 0 DM,good,unknown,4,none,rent,32,1285,24
756,> 200 DM,critical,< 100 DM,3,none,own,74,1299,6
757,> 200 DM,critical,unknown,3,none,other,39,1271,15
758,unknown,good,< 100 DM,3,none,own,31,1393,24
759,< 0 DM,critical,< 100 DM,5,none,own,35,691,12
760,unknown,critical,unknown,5,none,own,59,5045,15
761,< 0 DM,critical,< 100 DM,3,none,rent,24,2124,18
762,< 0 DM,good,< 100 DM,3,none,own,24,2214,12
763,unknown,critical,unknown,5,none,other,30,12680,21
764,unknown,critical,100 - 500 DM,4,none,own,27,2463,24
765,1 - 200 DM,good,< 100 DM,5,bank,own,40,1155,12
766,< 0 DM,good,< 100 DM,2,none,own,31,3108,30
767,unknown,good,unknown,2,none,rent,31,2901,10
768,1 - 200 DM,critical,< 100 DM,5,none,rent,28,3617,12
769,unknown,critical,< 100 DM,5,none,own,63,1655,12
770,< 0 DM,good,unknown,5,none,rent,26,2812,24
771,< 0 DM,critical,< 100 DM,3,none,own,25,8065,36
772,unknown,critical,< 100 DM,5,none,own,36,3275,21
773,unknown,critical,100 - 500 DM,5,bank,own,52,2223,24
774,> 200 DM,critical,500 - 1000 DM,1,bank,other,66,1480,12
775,< 0 DM,good,unknown,3,none,rent,25,1371,24
776,unknown,critical,< 100 DM,4,none,own,37,3535,36
777,< 0 DM,good,< 100 DM,4,none,own,25,3509,18
778,unknown,critical,> 1000 DM,5,none,own,38,5711,36
779,1 - 200 DM,good,< 100 DM,1,none,own,67,3872,18
780,1 - 200 DM,critical,< 100 DM,4,none,own,25,4933,39
781,unknown,critical,> 1000 DM,5,none,own,60,1940,24
782,1 - 200 DM,perfect,< 100 DM,3,none,own,31,1410,12
783,1 - 200 DM,good,100 - 500 DM,2,bank,own,23,836,12
784,1 - 200 DM,good,unknown,1,none,own,60,6468,20
785,1 - 200 DM,good,> 1000 DM,3,none,own,35,1941,18
786,unknown,good,500 - 1000 DM,5,none,own,40,2675,22
787,unknown,critical,unknown,5,none,own,38,2751,48
788,1 - 200 DM,poor,< 100 DM,5,none,other,50,6224,48
789,< 0 DM,critical,< 100 DM,3,bank,own,27,5998,40
790,1 - 200 DM,good,< 100 DM,5,none,own,39,1188,21
791,unknown,good,unknown,5,none,own,41,6313,24
792,unknown,critical,unknown,3,none,own,27,1221,6
793,> 200 DM,good,< 100 DM,5,none,other,51,2892,24
794,unknown,good,500 - 1000 DM,5,none,rent,32,3062,24
795,unknown,good,100 - 500 DM,2,none,rent,22,2301,9
796,< 0 DM,good,unknown,5,none,other,51,7511,18
797,unknown,critical,< 100 DM,2,none,rent,22,1258,12
798,unknown,poor,unknown,5,none,own,54,717,24
799,1 - 200 DM,good,unknown,2,none,own,35,1549,9
800,unknown,critical,< 100 DM,5,none,other,54,1597,24
801,1 - 200 DM,critical,< 100 DM,5,bank,rent,48,1795,18
802,< 0 DM,critical,< 100 DM,5,none,own,24,4272,20
803,unknown,critical,unknown,5,none,own,35,976,12
804,1 - 200 DM,good,unknown,1,none,rent,24,7472,12
805,< 0 DM,good,< 100 DM,4,none,own,24,9271,36
806,1 - 200 DM,good,< 100 DM,2,none,own,26,590,6
807,unknown,critical,unknown,5,none,own,65,930,12
808,1 - 200 DM,very good,< 100 DM,1,bank,other,55,9283,42
809,1 - 200 DM,perfect,< 100 DM,2,none,rent,26,1778,15
810,1 - 200 DM,good,< 100 DM,2,none,own,26,907,8
811,1 - 200 DM,good,< 100 DM,4,bank,own,28,484,6
812,< 0 DM,critical,< 100 DM,4,none,own,24,9629,36
813,< 0 DM,good,< 100 DM,3,none,own,54,3051,48
814,< 0 DM,good,< 100 DM,4,none,other,46,3931,48
815,1 - 200 DM,poor,< 100 DM,3,none,rent,54,7432,36
816,unknown,good,500 - 1000 DM,3,none,own,62,1338,6
817,unknown,critical,< 100 DM,4,none,rent,24,1554,6
818,< 0 DM,good,< 100 DM,1,none,own,43,15857,36
819,< 0 DM,good,< 100 DM,3,bank,own,26,1345,18
820,unknown,good,< 100 DM,3,none,own,27,1101,12
821,> 200 DM,good,< 100 DM,3,none,own,24,3016,12
822,< 0 DM,good,< 100 DM,5,bank,own,41,2712,36
823,< 0 DM,critical,< 100 DM,5,none,own,47,731,8
824,unknown,critical,< 100 DM,2,none,own,35,3780,18
825,< 0 DM,critical,< 100 DM,5,none,own,30,1602,21
826,< 0 DM,critical,< 100 DM,5,bank,rent,33,3966,18
827,unknown,perfect,< 100 DM,3,store,own,36,4165,18
828,< 0 DM,good,unknown,5,none,other,47,8335,36
829,1 - 200 DM,poor,unknown,3,none,other,38,6681,48
830,unknown,poor,500 - 1000 DM,3,none,own,44,2375,24
831,< 0 DM,good,< 100 DM,2,none,rent,23,1216,18
832,< 0 DM,perfect,< 100 DM,5,none,rent,29,11816,45
833,1 - 200 DM,good,unknown,5,none,own,42,5084,24
834,> 200 DM,good,< 100 DM,2,none,own,25,2327,15
835,< 0 DM,perfect,< 100 DM,3,bank,own,48,1082,12
836,unknown,good,unknown,3,none,own,21,886,12
837,unknown,good,< 100 DM,2,none,rent,23,601,4
838,< 0 DM,critical,< 100 DM,5,none,own,63,2957,24
839,unknown,critical,< 100 DM,5,none,own,46,2611,24
840,< 0 DM,good,< 100 DM,4,none,own,29,5179,36
841,unknown,poor,< 100 DM,3,store,own,28,2993,21
842,unknown,good,< 100 DM,2,none,own,23,1943,18
843,unknown,very good,< 100 DM,4,bank,own,50,1559,24
844,unknown,good,< 100 DM,5,bank,own,47,3422,18
845,1 - 200 DM,good,unknown,4,none,own,35,3976,21
846,unknown,good,unknown,3,none,rent,68,6761,18
847,unknown,good,< 100 DM,2,none,own,28,1249,24
848,< 0 DM,good,< 100 DM,4,none,own,59,1364,9
849,< 0 DM,good,< 100 DM,5,store,own,57,709,12
850,< 0 DM,critical,< 100 DM,3,bank,rent,33,2235,20
851,unknown,critical,unknown,4,none,own,43,4042,24
852,unknown,critical,< 100 DM,3,none,other,35,1471,15
853,< 0 DM,very good,< 100 DM,4,none,other,32,1442,18
854,unknown,poor,< 100 DM,5,none,own,45,10875,36
855,unknown,good,100 - 500 DM,2,none,own,33,1474,24
856,unknown,good,unknown,4,none,own,40,894,10
857,unknown,critical,< 100 DM,3,none,other,28,3343,15
858,< 0 DM,good,< 100 DM,3,none,own,29,3959,15
859,unknown,good,100 - 500 DM,3,none,rent,26,3577,9
860,unknown,critical,> 1000 DM,3,none,own,27,5804,24
861,unknown,poor,< 100 DM,3,none,own,28,2169,18
862,< 0 DM,good,< 100 DM,2,none,own,35,2439,24
863,unknown,critical,> 1000 DM,2,store,own,32,4526,27
864,unknown,good,< 100 DM,3,bank,rent,25,2210,10
865,unknown,good,500 - 1000 DM,3,none,rent,20,2221,15
866,< 0 DM,good,< 100 DM,2,store,own,27,2389,18
867,unknown,critical,< 100 DM,5,store,own,42,3331,12
868,unknown,good,unknown,5,none,own,37,7409,36
869,< 0 DM,good,< 100 DM,5,none,rent,24,652,12
870,unknown,poor,500 - 1000 DM,4,none,own,40,7678,36
871,> 200 DM,critical,< 100 DM,5,none,own,46,1343,6
872,< 0 DM,critical,100 - 500 DM,4,none,own,26,1382,24
873,unknown,good,unknown,2,none,own,24,874,15
874,< 0 DM,good,< 100 DM,3,none,own,29,3590,12
875,1 - 200 DM,critical,> 1000 DM,3,none,own,40,1322,11
876,< 0 DM,very good,< 100 DM,2,bank,other,36,1940,18
877,unknown,good,< 100 DM,5,none,own,28,3595,36
878,< 0 DM,good,< 100 DM,2,none,other,27,1422,9
879,unknown,critical,unknown,4,none,own,36,6742,30
880,unknown,good,< 100 DM,4,none,own,38,7814,24
881,unknown,good,unknown,3,none,other,48,9277,24
882,1 - 200 DM,critical,unknown,5,none,own,36,2181,30
883,unknown,critical,< 100 DM,1,none,own,65,1098,18
884,1 - 200 DM,good,< 100 DM,4,none,own,43,4057,24
885,< 0 DM,good,< 100 DM,2,none,own,53,795,12
886,1 - 200 DM,critical,unknown,4,none,own,34,2825,24
887,1 - 200 DM,good,< 100 DM,3,none,own,23,15672,48
888,unknown,critical,< 100 DM,5,none,own,34,6614,36
889,unknown,very good,unknown,2,bank,rent,40,7824,28
890,< 0 DM,critical,< 100 DM,5,store,own,43,2442,27
891,unknown,critical,< 100 DM,5,none,own,46,1829,15
892,< 0 DM,critical,< 100 DM,3,bank,own,38,2171,12
893,1 - 200 DM,critical,< 100 DM,3,none,own,34,5800,36
894,unknown,critical,unknown,3,none,own,29,1169,18
895,unknown,poor,unknown,4,store,own,31,8947,36
896,< 0 DM,good,< 100 DM,2,none,rent,28,2606,21
897,unknown,critical,> 1000 DM,4,none,own,35,1592,12
898,unknown,good,unknown,4,bank,rent,33,2186,15
899,< 0 DM,good,< 100 DM,3,none,own,42,4153,18
900,< 0 DM,critical,< 100 DM,5,bank,rent,43,2625,16
901,unknown,critical,unknown,2,none,own,44,3485,20
902,unknown,critical,unknown,5,none,other,42,10477,36
903,unknown,good,unknown,3,none,rent,40,1386,15
904,unknown,good,< 100 DM,5,none,own,36,1278,24
905,< 0 DM,good,< 100 DM,3,none,rent,20,1107,12
906,< 0 DM,good,unknown,4,none,own,24,3763,21
907,1 - 200 DM,good,unknown,3,none,own,27,3711,36
908,unknown,poor,< 100 DM,2,none,own,46,3594,15
909,1 - 200 DM,good,unknown,3,none,own,33,3195,9
910,unknown,poor,< 100 DM,3,none,own,34,4454,36
911,1 - 200 DM,critical,< 100 DM,2,bank,own,25,4736,24
912,1 - 200 DM,good,unknown,5,none,own,25,2991,30
913,unknown,good,> 1000 DM,5,none,own,28,2142,11
914,< 0 DM,very good,< 100 DM,3,none,rent,31,3161,24
915,1 - 200 DM,perfect,< 100 DM,3,bank,own,32,18424,48
916,unknown,good,100 - 500 DM,3,none,own,32,2848,10
917,< 0 DM,good,< 100 DM,5,bank,own,68,14896,6
918,< 0 DM,good,100 - 500 DM,1,none,own,33,2359,24
919,< 0 DM,good,< 100 DM,5,none,rent,39,3345,24
920,unknown,critical,< 100 DM,3,none,own,28,1817,18
921,unknown,poor,500 - 1000 DM,4,none,own,37,12749,48
922,< 0 DM,good,< 100 DM,2,none,rent,22,1366,9
923,1 - 200 DM,good,< 100 DM,4,none,rent,30,2002,12
924,< 0 DM,very good,< 100 DM,2,bank,own,55,6872,24
925,< 0 DM,very good,< 100 DM,2,bank,own,46,697,12
926,< 0 DM,critical,< 100 DM,2,none,rent,21,1049,18
927,< 0 DM,good,< 100 DM,4,store,other,39,10297,48
928,unknown,good,unknown,5,none,own,58,1867,30
929,< 0 DM,poor,< 100 DM,3,none,own,43,1344,12
930,< 0 DM,good,< 100 DM,2,none,own,24,1747,24
931,1 - 200 DM,good,< 100 DM,2,none,own,22,1670,9
932,unknown,critical,< 100 DM,3,none,own,30,1224,9
933,unknown,critical,500 - 1000 DM,5,none,own,42,522,12
934,< 0 DM,good,< 100 DM,3,bank,own,23,1498,12
935,1 - 200 DM,poor,100 - 500 DM,2,store,own,30,1919,30
936,> 200 DM,good,< 100 DM,3,none,own,28,745,9
937,1 - 200 DM,good,< 100 DM,2,none,rent,30,2063,6
938,1 - 200 DM,good,< 100 DM,3,none,other,42,6288,60
939,unknown,critical,unknown,3,none,own,46,6842,24
940,unknown,good,unknown,2,none,own,45,3527,12
941,unknown,good,< 100 DM,3,none,own,31,1546,10
942,unknown,good,unknown,4,store,own,31,929,24
943,unknown,critical,< 100 DM,4,none,own,42,1455,4
944,< 0 DM,good,< 100 DM,2,none,rent,46,1845,15
945,1 - 200 DM,perfect,500 - 1000 DM,2,none,own,30,8358,48
946,< 0 DM,very good,500 - 1000 DM,2,none,other,30,3349,24
947,unknown,good,unknown,1,none,own,38,2859,12
948,unknown,good,< 100 DM,2,none,own,43,1533,18
949,unknown,good,100 - 500 DM,5,none,own,31,3621,24
950,1 - 200 DM,critical,< 100 DM,1,none,own,40,3590,18
951,< 0 DM,poor,< 100 DM,4,none,own,24,2145,36
952,1 - 200 DM,good,500 - 1000 DM,2,none,rent,28,4113,24
953,unknown,good,< 100 DM,1,none,own,26,10974,36
954,< 0 DM,good,< 100 DM,3,none,own,29,1893,12
955,< 0 DM,critical,> 1000 DM,5,none,rent,57,1231,24
956,> 200 DM,critical,unknown,5,store,own,49,3656,30
957,1 - 200 DM,critical,< 100 DM,5,none,own,37,1154,9
958,< 0 DM,good,< 100 DM,3,none,own,45,4006,28
959,1 - 200 DM,good,100 - 500 DM,5,none,other,30,3069,24
960,unknown,critical,< 100 DM,5,none,rent,30,1740,6
961,1 - 200 DM,poor,< 100 DM,3,none,own,47,2353,21
962,unknown,good,unknown,3,none,own,29,3556,15
963,unknown,good,500 - 1000 DM,5,bank,own,35,2397,24
964,1 - 200 DM,good,< 100 DM,2,none,own,22,454,6
965,1 - 200 DM,good,unknown,3,none,own,26,1715,30
966,1 - 200 DM,critical,500 - 1000 DM,3,none,own,23,2520,27
967,unknown,good,< 100 DM,5,bank,rent,54,3568,15
968,unknown,good,unknown,4,none,rent,29,7166,42
969,< 0 DM,critical,< 100 DM,3,none,own,40,3939,11
970,1 - 200 DM,good,100 - 500 DM,3,none,own,22,1514,15
971,unknown,good,< 100 DM,3,none,own,43,7393,24
972,< 0 DM,very good,< 100 DM,1,none,rent,29,1193,24
973,< 0 DM,good,< 100 DM,5,none,rent,36,7297,60
974,unknown,critical,< 100 DM,3,none,own,33,2831,30
975,> 200 DM,good,500 - 1000 DM,3,none,own,57,1258,24
976,1 - 200 DM,good,< 100 DM,3,none,own,64,753,6
977,1 - 200 DM,poor,unknown,5,none,own,42,2427,18
978,unknown,poor,< 100 DM,5,none,own,47,2538,24
979,1 - 200 DM,very good,100 - 500 DM,3,none,rent,25,1264,15
980,1 - 200 DM,critical,< 100 DM,4,none,own,49,8386,30
981,unknown,good,< 100 DM,1,bank,rent,33,4844,48
982,> 200 DM,good,100 - 500 DM,3,bank,own,28,2923,21
983,< 0 DM,good,< 100 DM,3,none,own,26,8229,36
984,unknown,critical,< 100 DM,4,none,own,30,2028,24
985,< 0 DM,critical,< 100 DM,3,none,rent,25,1433,15
986,> 200 DM,perfect,< 100 DM,2,none,own,33,6289,42
987,unknown,good,100 - 500 DM,1,none,own,64,1409,13
988,< 0 DM,good,< 100 DM,1,none,other,29,6579,24
989,1 - 200 DM,critical,< 100 DM,5,none,own,48,1743,24
990,unknown,critical,unknown,2,none,own,37,3565,12
991,unknown,very good,100 - 500 DM,5,bank,own,34,1569,15
992,< 0 DM,good,unknown,4,none,rent,23,1936,18
993,< 0 DM,good,< 100 DM,1,none,own,30,3959,36
994,unknown,good,unknown,5,none,own,50,2390,12
995,unknown,good,< 100 DM,4,none,own,31,1736,12
996,< 0 DM,good,< 100 DM,3,none,own,40,3857,30
997,unknown,good,< 100 DM,5,none,own,38,804,12
998,< 0 DM,good,< 100 DM,3,none,other,23,1845,45
999,1 - 200 DM,critical,100 - 500 DM,1,none,own,27,4576,45
